Company ID,Technology Scope
115082217,AI
115082217,Mobility
115082217,Cloud
115082217,Social
115082217,IoT
115082217,Big Data and Analytics
115082217,Security
12452939,Social
12452939,Mobility
12452939,Security
12452939,Cloud
12844974,AI
12844974,Cloud
12844974,Social
12844974,Mobility
13108721,Social
13108721,Big Data and Analytics
13108721,Cloud
13108721,Mobility
13108721,AI
13108721,IoT
115082393,AR/VR
115082393,Security
115082393,Cloud
118620722,Big Data and Analytics
118620722,Social
118620722,Mobility
107348955,Big Data and Analytics
107348955,Mobility
107348955,Cloud
107348955,Social
107348955,Security
111543294,Big Data and Analytics
111543294,Social
111543294,Mobility
111543294,Security
111543294,IoT
111543294,Cloud
13111713,Mobility
13111713,Big Data and Analytics
13111713,Social
13111713,IoT
13111713,Security
13111713,Cloud
13111713,AI
111804832,Social
111804832,Mobility
111804832,Security
111804832,Cloud
12821197,Mobility
12821197,Cloud
12821197,Big Data and Analytics
12821197,Blockchain
12821197,IoT
12821197,AI
12821197,Social
12821197,Security
15205535,IoT
15205535,Security
15205535,Big Data and Analytics
15205535,Cloud
15205535,Mobility
15205535,AI
15205535,Social
12713807,Security
12713807,Big Data and Analytics
12713807,AI
12713807,IoT
12713807,Social
12713807,Mobility
12713807,Cloud
111804365,Social
111804365,IoT
111804365,Security
111804365,Mobility
111804365,Cloud
13107305,Security
13107305,AI
13107305,Cloud
13107305,Big Data and Analytics
92274794,Mobility
92274794,IoT
92274794,AI
92274794,Big Data and Analytics
92274794,Cloud
92274794,Security
92274794,Social
118621214,IoT
118621214,Mobility
118621214,Social
118621214,AR/VR
118621214,AI
12710659,Security
12710659,IoT
12710659,Big Data and Analytics
111673189,Cloud
111673189,AR/VR
111673189,Big Data and Analytics
111673189,Social
111673189,AI
111673189,Mobility
12583311,Robotics
12583311,AR/VR
12583311,3D Printing
12583311,Security
12583311,Big Data and Analytics
12583311,Mobility
12583311,Social
12583311,Blockchain
12583311,Cloud
12583311,AI
118621275,Social
118621275,Mobility
118621275,Cloud
118621197,Robotics
118621197,Mobility
13116955,Security
13116955,AI
13116955,Robotics
13116955,Big Data and Analytics
13116955,IoT
13369824,Security
13369824,Big Data and Analytics
12713798,Mobility
12713798,Security
12713798,IoT
12713798,Social
12715502,Social
12715502,Cloud
12715502,Mobility
12715502,Big Data and Analytics
12715502,IoT
118621112,Security
118621112,IoT
118621112,Cloud
12844862,Cloud
12844862,AI
12844862,IoT
12844862,Big Data and Analytics
12844862,Robotics
12844862,Security
12844862,Mobility
12844862,Social
13107301,3D Printing
13107301,AI
13107301,Cloud
13107301,Mobility
13107301,Social
13107301,Security
13107301,IoT
92013759,Mobility
92013759,Social
111542873,AI
111542873,Mobility
111542873,Social
111542873,Security
13107538,Social
13107538,Big Data and Analytics
12714745,Cloud
12714745,Social
12714745,Mobility
12714745,Security
12714745,IoT
12714745,AI
12714745,Big Data and Analytics
12452992,Mobility
12452992,IoT
12452992,Cloud
12452992,Social
118621252,Cloud
118621252,AI
118621252,Security
118621252,Mobility
118621252,Big Data and Analytics
118621252,Social
92144607,Security
92144607,Cloud
92144607,Mobility
92144607,Big Data and Analytics
92144607,Social
92144607,AI
111582597,AI
111582597,Mobility
111582597,Cloud
114951222,Big Data and Analytics
114951222,IoT
114951222,Cloud
114951222,Security
114951222,AI
114951222,Mobility
92274816,AI
92274816,Robotics
92274816,Social
92274816,3D Printing
92274816,Big Data and Analytics
118621093,Big Data and Analytics
118621093,AR/VR
118621093,3D Printing
118621093,AI
118621093,Robotics
118621093,Social
118621093,IoT
118621093,Security
118621349,IoT
118621349,Social
118621349,Mobility
118621349,Big Data and Analytics
118621349,Robotics
92274980,Big Data and Analytics
92274980,IoT
92274980,Cloud
92274980,AI
92274980,Social
92274980,Robotics
115082437,Big Data and Analytics
115082437,Robotics
115082437,Social
115082437,Security
115082437,IoT
115082437,Mobility
115082437,AI
115082437,Cloud
13045436,Cloud
13045436,IoT
13045436,AI
13045436,Security
13045436,Big Data and Analytics
115082687,Security
115082687,Cloud
12583803,Mobility
12583803,IoT
12583803,Cloud
12583803,Social
12583803,Big Data and Analytics
12583803,AI
12583803,Security
12839683,AI
12839683,Security
12839683,3D Printing
12839683,IoT
12839683,Mobility
12839683,Cloud
12839683,Social
12839683,Big Data and Analytics
12839683,Blockchain
12839683,AR/VR
12839683,Robotics
118621068,Social
118621114,AI
118621114,Mobility
118621114,Security
118621114,Big Data and Analytics
118621114,Social
118621114,IoT
12714429,Robotics
12714429,AI
12714429,IoT
12714429,Security
12714429,Cloud
12714429,Mobility
12714429,Social
12714429,Big Data and Analytics
12714429,Blockchain
111804993,IoT
111804993,Security
111804993,AR/VR
111804993,Mobility
111804993,Cloud
111804993,Social
115082448,Big Data and Analytics
115082448,Security
115082448,Cloud
115082448,Mobility
115082448,IoT
115082448,Social
115082448,AI
15204595,Security
15204595,Big Data and Analytics
15204595,Cloud
15204595,Mobility
118621051,IoT
118621051,Social
118621051,Cloud
13642337,Security
13642337,Cloud
13642337,Social
13642337,AI
13642337,Big Data and Analytics
13642337,Robotics
13642337,Blockchain
13642337,IoT
12594604,Social
12594604,Robotics
12594604,IoT
12594604,AI
12594604,Cloud
12594604,Big Data and Analytics
92013266,Security
92013266,Mobility
92013266,Cloud
92013266,Big Data and Analytics
92013266,Social
92013266,IoT
92013266,AI
118621174,AI
118621174,Social
111805865,Security
111805865,Big Data and Analytics
12845154,Big Data and Analytics
12845154,IoT
12845154,Social
12845154,Mobility
115082359,Mobility
115082359,Security
115082359,Cloud
111936582,AI
111936582,Mobility
111936582,AR/VR
111936582,IoT
111936582,Security
111936582,Big Data and Analytics
111936582,Social
111936582,Cloud
118621618,Social
118621618,Cloud
118621618,AI
118621618,Robotics
118621618,Big Data and Analytics
118621618,Security
118621618,Mobility
111805005,Security
111805005,Cloud
111805005,Mobility
111805005,AR/VR
111805005,Social
118621186,Mobility
118621186,Cloud
118621186,Security
118621186,AI
118621186,IoT
118621186,Big Data and Analytics
118621173,Cloud
118621173,Big Data and Analytics
118621173,AR/VR
118621173,Mobility
13296625,Blockchain
13296625,AI
13296625,Cloud
13573090,Social
13573090,Security
13573090,IoT
13573090,Big Data and Analytics
13573090,AI
13573090,Mobility
13573090,Robotics
13573090,Cloud
13573090,Blockchain
12453077,Security
12453077,Big Data and Analytics
12453077,AI
12453077,Mobility
12453077,IoT
12453077,Social
12453077,Blockchain
12453077,Cloud
12453077,Robotics
118621305,Security
118621305,Mobility
118621322,Mobility
115082473,Social
115082473,AI
13115005,IoT
13115005,Social
13115005,Security
13115005,Big Data and Analytics
13115005,Mobility
13108214,Mobility
13108214,IoT
13108214,Social
13108214,AR/VR
13108214,Blockchain
13108214,Security
13108214,AI
13108214,Cloud
13108214,Big Data and Analytics
15204600,Social
15204600,Security
15204600,Mobility
12845056,Cloud
12845056,IoT
12845056,Social
12845056,Mobility
12845056,AR/VR
12845056,Robotics
12845056,Big Data and Analytics
12845056,AI
118621353,Social
118621353,Cloud
118621353,Security
12584026,Big Data and Analytics
12584026,IoT
12584026,Cloud
12584026,AI
12584026,Mobility
12584026,Security
12584026,Social
93585931,Cloud
93585931,Big Data and Analytics
93585931,AI
93585931,Security
15205179,Mobility
15205179,Social
118620738,Security
13107862,Social
13107862,Security
13107862,Big Data and Analytics
111935326,Big Data and Analytics
111935326,Social
111935326,Mobility
12714802,AI
12714802,Mobility
12714802,Security
12714802,IoT
12714802,Social
12714802,Big Data and Analytics
12714802,Cloud
12583348,Big Data and Analytics
12583348,Mobility
12583348,Robotics
12583348,Cloud
12583348,AI
12583348,IoT
13369436,Mobility
13369436,Cloud
13369436,Security
13108252,Security
13108252,Social
13108252,Big Data and Analytics
13108252,Cloud
13108252,IoT
13108252,Mobility
111804524,Security
111804524,Mobility
111804524,Social
111804524,Cloud
12501145,AI
12501145,IoT
12501145,Mobility
12501145,Social
12501145,Cloud
12501145,AR/VR
12501145,Big Data and Analytics
12501145,Security
12501145,Robotics
12452384,Big Data and Analytics
12452384,Cloud
12452384,Social
12452384,Mobility
115082504,Security
115082504,AI
115082504,Mobility
118620489,Mobility
118620489,Social
12799388,Mobility
12799388,Big Data and Analytics
12799388,Cloud
12799388,Robotics
12799388,AI
12799388,3D Printing
12799388,Social
12714297,Cloud
12714297,Social
12714297,Security
12584393,Cloud
12584393,Security
12584393,Social
12713878,Cloud
12713878,Security
12713878,Social
12713878,Big Data and Analytics
12692024,Big Data and Analytics
12692024,Mobility
12692024,IoT
12692024,Blockchain
12692024,Security
12692024,Cloud
118620243,Social
118620243,Mobility
118620243,Big Data and Analytics
12452954,Mobility
12452954,IoT
12452954,Social
12452954,Robotics
12452954,Security
12452954,Big Data and Analytics
12452954,AI
12452954,Blockchain
12452954,Cloud
12706257,Security
12706257,Social
12706257,Cloud
12706257,Mobility
12706257,Big Data and Analytics
12706257,IoT
12706257,AI
115082387,Social
115082387,Cloud
12452526,Cloud
12452526,Security
12452526,IoT
12452526,Mobility
12452526,AI
12452526,Social
12452526,Big Data and Analytics
115082530,Social
115082530,Mobility
115082530,IoT
115082530,Cloud
115082530,AI
115082530,Security
12846328,Blockchain
12846328,Cloud
12846328,AR/VR
12846328,Social
12846328,Mobility
12846328,AI
12846328,Security
12846328,IoT
12846328,Big Data and Analytics
12583995,Cloud
12583995,Social
12583995,AI
12583995,Security
12583995,IoT
12583089,IoT
12583089,Security
12583089,Social
12583089,AI
12583089,Big Data and Analytics
12583089,Cloud
15204730,Social
15204730,Cloud
15204730,Security
15204730,Mobility
115082545,IoT
115082545,AR/VR
115082545,Mobility
115082545,Social
15204739,Cloud
15204739,Social
15204739,Security
15204781,Mobility
15204781,Social
15204781,Cloud
15204781,AI
15204781,3D Printing
15204781,Security
12452421,Security
12452421,Cloud
12452421,AI
12452421,Social
12452421,Big Data and Analytics
12452421,IoT
12844903,Security
12844903,Mobility
13044198,Robotics
13044198,Big Data and Analytics
13044198,Cloud
13044198,Social
13044198,Security
13044198,AI
13044198,Mobility
12840336,IoT
12840336,Mobility
12840336,Social
12840336,Robotics
13369862,Social
13369862,Mobility
13369862,IoT
13369862,Cloud
13369862,AI
13369862,Big Data and Analytics
111804286,AI
111804286,IoT
111804286,Cloud
111804286,Robotics
111804286,Mobility
111804286,Big Data and Analytics
111804286,Security
111804286,Social
111804976,Security
111804976,Social
115082677,IoT
115082677,Cloud
115082677,Mobility
115082677,Security
118068817,Big Data and Analytics
118068817,Cloud
118068817,Social
118068817,Mobility
118068817,IoT
118068817,AI
118348751,AI
118348751,Big Data and Analytics
118348751,Social
118348751,Mobility
118348751,IoT
118348751,Cloud
118620579,Mobility
118620579,Security
118620579,Social
118039106,Big Data and Analytics
118039106,AI
118039106,Security
118039106,Social
115082646,AI
115082646,Mobility
115082646,Social
115082646,Security
115082646,IoT
115082646,Robotics
115082646,Cloud
115082646,Big Data and Analytics
111936583,Mobility
111936583,Social
111936583,Security
115082574,Cloud
115082574,Security
115082574,IoT
15204830,Social
15204830,Blockchain
118621013,Social
118621013,Big Data and Analytics
107329891,IoT
107329891,Social
107329891,AI
107329891,Robotics
12452894,Security
12452894,Big Data and Analytics
92012637,Security
92012637,Mobility
92012637,Cloud
12715015,IoT
12715015,Big Data and Analytics
12715015,Social
12715015,Cloud
12715015,AI
12715015,Mobility
12582808,Cloud
12582808,IoT
12582808,Big Data and Analytics
12582808,Mobility
12582808,Social
12582808,Security
115082592,Mobility
115082592,Cloud
115082592,Security
115082592,Big Data and Analytics
12584051,Social
12584051,Mobility
12584051,Security
12584051,Big Data and Analytics
12844973,Security
12844973,Cloud
12844973,Mobility
12844973,Big Data and Analytics
12844973,IoT
115081739,Big Data and Analytics
115081739,AI
118643478,Big Data and Analytics
118643478,IoT
118643478,Blockchain
118643478,Cloud
118643478,Robotics
118643478,Social
118643478,AR/VR
118643478,AI
118643478,Mobility
118643478,Security
12845183,Social
12845183,Mobility
12845183,Big Data and Analytics
12845183,Cloud
12845183,AI
12845183,Security
13369929,Cloud
13369929,Mobility
13369929,IoT
13369929,Social
115082600,Security
115082600,Mobility
115082600,AI
115082600,IoT
115082600,Cloud
115082600,Big Data and Analytics
115082600,Social
115082603,IoT
115082603,Big Data and Analytics
115082603,AI
115082603,Social
115082603,Security
115082603,Cloud
115082603,Mobility
114950611,AR/VR
114950611,Mobility
114950611,IoT
114950611,AI
12583453,Blockchain
12583453,Mobility
12583453,Big Data and Analytics
12583453,IoT
12583453,Cloud
12583453,Social
15204814,Mobility
15204814,Cloud
15204814,IoT
15204814,Security
13108376,Mobility
111944340,Mobility
13108376,IoT
13108376,Cloud
111944340,IoT
13108376,Social
13108376,Security
111944340,Robotics
13108376,Robotics
15204931,Cloud
15204931,Social
15204931,Security
15204931,Mobility
114950751,Social
114950751,Mobility
114950751,Cloud
114950751,Big Data and Analytics
114950751,Robotics
13108548,Social
13108548,Mobility
13108548,Cloud
115343873,-
15204874,Security
15204874,Cloud
15204874,Big Data and Analytics
15204874,Mobility
111805503,Security
111805503,Mobility
111805503,Social
111805503,Cloud
115081777,Big Data and Analytics
115081777,Cloud
115081777,Social
115081777,Mobility
115081777,AI
115081777,IoT
115081777,Security
114926331,IoT
114926331,Social
114926331,Mobility
114926331,Cloud
114926331,AI
114926331,Big Data and Analytics
12714744,3D Printing
12714744,Big Data and Analytics
12714744,Cloud
12714744,Mobility
12714744,Robotics
12714744,Social
12714744,Security
12714744,Blockchain
12845571,Blockchain
12845571,Social
12845571,Cloud
12845571,Security
15204925,IoT
15204925,Cloud
15204925,Big Data and Analytics
15204925,Social
115081786,Robotics
115081786,Cloud
115081786,Security
115081786,AI
115081786,Big Data and Analytics
115081786,Mobility
115081786,Social
114951025,Mobility
114951025,Big Data and Analytics
114951025,Social
114951025,Cloud
114951025,IoT
114951025,AI
111805170,Social
111805170,Cloud
111805170,AI
111805170,Big Data and Analytics
13369292,AI
13369292,Mobility
13369292,Big Data and Analytics
13369292,Social
13369292,Blockchain
13369292,Cloud
13369292,Security
12584146,Social
12584146,IoT
12584146,Cloud
12584146,Security
12584146,Big Data and Analytics
12584146,AI
12584146,Mobility
12666689,Big Data and Analytics
12666689,IoT
12666689,Social
12666689,Cloud
12666689,Security
115081797,Cloud
115081797,Mobility
115081797,Security
12704361,IoT
12704361,AI
12704361,Social
12704361,Blockchain
12704361,Robotics
12704361,AR/VR
12704361,Mobility
12704361,Big Data and Analytics
12704361,Security
12704361,Cloud
115081802,Security
115081802,Big Data and Analytics
115081802,IoT
115081802,AR/VR
115081802,AI
115081802,Mobility
115081802,Social
115081802,Robotics
115081802,Cloud
118620698,IoT
118620698,Big Data and Analytics
118620698,Security
118620698,Social
118620698,Mobility
118620698,Cloud
118620698,AI
118342904,Security
118342904,Cloud
118342904,IoT
118342904,Big Data and Analytics
118342904,Mobility
118342904,Social
12451725,Mobility
12452635,IoT
12452635,AI
12452635,Social
12452635,Big Data and Analytics
12452635,Cloud
13370231,Big Data and Analytics
13370231,Social
13370231,IoT
13370231,Cloud
13370231,AI
13370231,Mobility
13370231,Security
111805195,IoT
111805195,Social
111805195,Security
111805195,Cloud
118621238,Big Data and Analytics
118621238,Social
118621238,Cloud
15205026,Social
15205026,AI
15205026,Big Data and Analytics
12650176,Robotics
12650176,Security
12650176,IoT
12650176,AI
12650176,Mobility
12650176,Big Data and Analytics
12650176,Social
12650176,Cloud
118034812,AI
118034812,Mobility
118034812,IoT
118034812,Security
118034812,Cloud
118034812,Social
118620851,Cloud
118620851,Security
118620851,Robotics
118620851,Big Data and Analytics
118620851,Mobility
118620851,AI
118620851,Social
118620851,IoT
13370234,Mobility
13370234,Big Data and Analytics
13370234,AI
13370234,IoT
13370234,Social
13370234,Cloud
118620747,Social
118620747,Cloud
118620747,Big Data and Analytics
118620747,AI
118620747,IoT
15205015,IoT
15205015,Cloud
15205015,Security
15205015,AI
15205015,Robotics
15205015,Mobility
12673736,Cloud
12673736,Big Data and Analytics
12673736,Mobility
12673736,IoT
12673736,Robotics
12673736,Social
12673736,AI
15205051,Mobility
15205051,Cloud
15205051,Social
118067471,IoT
118067471,Mobility
118067471,Cloud
118067471,Social
118067471,Big Data and Analytics
118067471,AI
12583765,Cloud
12583765,Security
12583765,Big Data and Analytics
111674572,Mobility
15198372,Cloud
15198372,Social
15198372,Big Data and Analytics
15198372,Mobility
15198372,Security
15198372,AI
111805533,Security
111805533,Mobility
111805533,Cloud
12714792,AI
12714792,Big Data and Analytics
12714792,Mobility
12714792,Cloud
13108168,Security
13108168,Big Data and Analytics
13108168,Mobility
13108168,Social
13108168,IoT
13108168,AI
13108168,Cloud
12583055,Security
12583055,IoT
12583055,Social
12583055,AI
12583055,Mobility
12583055,Cloud
12583055,Blockchain
12583055,Big Data and Analytics
118660704,Robotics
118660704,Mobility
118660704,Social
118660704,AI
118349639,Security
118349639,Social
118349639,Big Data and Analytics
118349639,IoT
118349639,AI
107217287,Security
107217287,IoT
107217287,Cloud
107217287,Big Data and Analytics
107217287,Mobility
107217287,Social
118620399,Cloud
118620399,Robotics
118620399,Social
118620399,Mobility
118620399,Big Data and Analytics
118620399,AI
111559991,Social
111559991,Big Data and Analytics
111559991,IoT
111559991,Mobility
111559991,Robotics
111559991,Security
12714268,Mobility
12714268,Cloud
12714268,Big Data and Analytics
12714268,IoT
12714268,Social
12714268,Security
12715080,Mobility
12715080,IoT
107217735,Robotics
107217735,Mobility
107217735,AI
107217137,Security
107217137,Social
13614417,Big Data and Analytics
13614417,AI
13614417,IoT
13614417,Security
13614417,Cloud
13614417,Social
13614417,Mobility
15204207,Social
15204207,Security
15204207,Cloud
15204207,Big Data and Analytics
15204207,Mobility
15204207,AI
15204207,IoT
107217690,AI
107217690,Social
107218283,Social
107218283,Security
107218283,IoT
107218283,Mobility
107218283,Big Data and Analytics
106897013,IoT
106897013,Big Data and Analytics
106897013,Mobility
106897013,AI
106897013,Social
106897013,AR/VR
106897013,3D Printing
106897013,Cloud
115081921,Big Data and Analytics
115081921,Cloud
115081921,Security
12452591,Security
12452591,Big Data and Analytics
12452591,IoT
12452591,Cloud
12452591,AR/VR
12452591,Mobility
12452591,Social
12452591,AI
118621362,Cloud
118621362,Security
114951282,Social
114951282,Big Data and Analytics
13370318,Big Data and Analytics
13370318,Mobility
13370318,AR/VR
13370318,Cloud
13370318,Social
12845148,AI
12845148,Security
12845148,Big Data and Analytics
12845148,Cloud
12845148,Mobility
12845148,Social
12845148,IoT
12845148,AR/VR
115082700,IoT
115082700,AR/VR
115082700,Security
115082700,Mobility
115082700,Cloud
12667290,IoT
12667290,AI
12667290,Social
12667290,Robotics
12667290,Big Data and Analytics
12667290,Security
13638865,Big Data and Analytics
13638865,Robotics
115081860,Mobility
115081860,Social
115081860,Cloud
115081860,Big Data and Analytics
115081860,Security
12845232,AI
12845232,IoT
12845232,Big Data and Analytics
12845232,Blockchain
12845232,Security
12845232,Robotics
12845232,Mobility
12845232,Cloud
12845232,Social
115082188,Big Data and Analytics
115082188,AI
115082188,Cloud
12460261,Big Data and Analytics
12460261,Security
12460261,IoT
12460261,Mobility
12460261,Cloud
12460261,Social
12460261,AI
12460261,Blockchain
15205126,Mobility
15205126,Social
115081979,Cloud
115081979,IoT
115081979,AI
115081979,Security
12845177,AI
12845177,Mobility
13370167,Big Data and Analytics
13370167,Security
13370167,Social
13370167,Mobility
13370167,Robotics
13370167,Cloud
13370167,AI
118621190,Social
118621190,Mobility
13066077,Big Data and Analytics
13066077,Social
13066077,Cloud
13108075,IoT
13108075,AI
13108075,Blockchain
13108075,Big Data and Analytics
13108075,Cloud
13108075,Social
13108075,Mobility
111935384,Cloud
111935384,IoT
111935384,Social
111935384,Mobility
111935384,Big Data and Analytics
115082124,Social
115082124,Security
115082124,IoT
115082124,Big Data and Analytics
115082124,Mobility
115082124,Cloud
115082124,AI
13112752,Mobility
13112752,Cloud
13112752,Robotics
13112752,AI
13112752,Big Data and Analytics
13112752,Security
13112752,AR/VR
12582763,Security
12582763,Mobility
92013742,Mobility
92013742,Security
92013742,IoT
92013742,AI
92013742,Social
92013742,Big Data and Analytics
92013742,Cloud
12583320,Security
12583320,Cloud
12583320,Mobility
12583320,IoT
12583320,Social
111574634,Social
111574634,Robotics
111574634,IoT
13293513,Social
13293513,Robotics
13293513,Big Data and Analytics
13293513,IoT
13293513,Mobility
13293513,3D Printing
13293513,AI
13293513,Cloud
13293513,Security
118054833,Big Data and Analytics
118054833,Social
118054833,Mobility
118054833,AI
118620286,AI
118620286,IoT
118620286,Security
118620286,Cloud
118620286,Big Data and Analytics
118620286,Blockchain
118620286,Robotics
118620286,Social
13107814,Mobility
13107814,Big Data and Analytics
13107814,Security
13107814,Cloud
15205194,AI
15205194,Social
15205194,IoT
15205194,Big Data and Analytics
15205194,Cloud
15205196,Security
15205196,AI
15205196,Social
15205196,Mobility
13370386,Mobility
13370386,AI
13370386,Security
13370386,Social
13370386,Cloud
13370386,Big Data and Analytics
13370386,IoT
13370386,Blockchain
92144755,Big Data and Analytics
92144755,3D Printing
92144755,AI
92144755,Mobility
92144755,AR/VR
92144755,Security
92144755,Cloud
15205177,Social
15205177,Mobility
15205177,Big Data and Analytics
15205177,Cloud
12583557,Mobility
12583557,Social
118620479,Cloud
118620479,Social
118620479,Security
115082161,Security
115082161,Social
115082161,Cloud
115082161,Mobility
118620478,Big Data and Analytics
118620478,Cloud
118620478,Security
118620478,Social
118620478,Mobility
118620478,IoT
118620478,AI
12583846,Cloud
12583846,Social
12583846,Mobility
12583846,Security
12583003,IoT
12583003,AI
12583003,Security
12583003,Cloud
12583003,Social
12583003,Mobility
15205180,Mobility
15205180,Cloud
118620446,Social
118620446,Mobility
118620446,IoT
118620446,Cloud
118620446,AI
118620446,Security
118620446,Blockchain
118620446,Big Data and Analytics
12453213,Big Data and Analytics
12453213,AI
12453213,Mobility
12453213,Social
12583502,Mobility
12583502,Robotics
12583502,Cloud
12583502,Big Data and Analytics
12583502,Social
12583502,Security
12583502,IoT
12583502,AI
15205263,IoT
15205263,Mobility
15205263,Social
15205263,Security
15205263,Big Data and Analytics
15205263,Cloud
118620966,Security
118620966,Big Data and Analytics
118620966,Cloud
118620966,Mobility
118620966,Social
118620966,IoT
12403541,Cloud
12403541,IoT
12403541,AI
12403541,Social
12403541,Big Data and Analytics
111935822,Cloud
111935822,Mobility
15205184,IoT
15205184,Mobility
15205184,Big Data and Analytics
15205184,Security
111936530,Security
111936530,Social
111936530,Cloud
111936530,Mobility
12584201,AI
12584201,IoT
12584201,AR/VR
12584201,Robotics
12584201,Big Data and Analytics
118620304,Social
118620304,Cloud
118620304,Mobility
118620304,Big Data and Analytics
118620304,Security
118620304,IoT
118620304,AI
118620484,Security
118620484,Cloud
118620484,Mobility
118620484,Big Data and Analytics
118620484,Social
15205265,Security
15205265,Mobility
15205265,Social
118620640,Social
118620640,AI
118620640,Mobility
118620640,Security
118620578,Big Data and Analytics
118620578,Mobility
118620578,IoT
118620578,Social
118620578,Security
118620578,AI
12429944,IoT
12429944,Security
12429944,Mobility
12429944,Social
12429944,Robotics
12429944,Big Data and Analytics
12429944,Cloud
12429944,AI
13370384,AR/VR
13370384,Robotics
13370384,Social
13370384,AI
13370384,IoT
13370384,Mobility
13370384,Big Data and Analytics
12715140,Cloud
12715140,Big Data and Analytics
12715140,Mobility
12715140,Social
12715140,AI
12715140,Security
12715140,IoT
12714791,Mobility
12714791,Security
12714791,Cloud
12714791,IoT
12714791,Social
12714791,AI
12714791,Big Data and Analytics
13369713,Blockchain
13369713,Security
13369713,IoT
13369713,AI
13369713,Social
13369713,Mobility
13369713,Big Data and Analytics
13369713,Cloud
12492385,IoT
12492385,AI
12492385,Big Data and Analytics
12492385,Blockchain
12492385,Social
12492385,Security
12492385,Mobility
12492385,Cloud
92221021,AI
92221021,Big Data and Analytics
92221021,Cloud
92221021,Social
92012410,Security
92012410,Mobility
92012410,Cloud
92012410,Big Data and Analytics
92012410,Social
12715072,Mobility
12715072,Security
12715072,Cloud
12715072,Big Data and Analytics
12715072,IoT
12715072,AI
12715072,Social
15205269,AI
15205269,Security
15205269,Big Data and Analytics
15205269,Social
15205269,Mobility
15205269,Cloud
115082024,Cloud
115082024,Mobility
115082024,Social
115082024,Security
115082024,Big Data and Analytics
115082025,Cloud
115082025,Social
115082025,Mobility
111805369,Mobility
111805369,AI
111805369,Social
111805369,IoT
111805369,Big Data and Analytics
111805369,Security
111805369,Cloud
115082202,Security
115082202,Mobility
115082202,Cloud
115082202,Big Data and Analytics
12846570,Security
12846570,Social
12846570,IoT
12846570,Mobility
12846570,Blockchain
12846570,AI
12846570,Big Data and Analytics
12846570,Cloud
12845991,Big Data and Analytics
12845991,Security
12845991,Cloud
12845991,Social
12845991,IoT
12845991,AI
12845991,Mobility
12583685,Mobility
12583685,AI
12583685,Security
12583685,IoT
12583685,Big Data and Analytics
12583685,Social
12583685,Cloud
93585612,Mobility
93585612,Social
93585612,Big Data and Analytics
93585612,Cloud
12715037,IoT
12715037,Blockchain
12715037,AI
12715037,Security
12715037,Cloud
12715037,Mobility
12715037,Social
12715037,AR/VR
12715037,Big Data and Analytics
13108325,Mobility
13108325,Security
111542848,Social
111542848,Cloud
111542872,Security
111542872,Social
111542872,Cloud
118620585,Cloud
118620585,Big Data and Analytics
118620585,Security
118620585,Mobility
118620585,Social
118620434,Big Data and Analytics
118620434,Security
118620434,Social
115082107,Cloud
115082107,Social
115082107,Mobility
12584349,Big Data and Analytics
12584349,Cloud
12584349,IoT
12584349,Social
12584349,AI
12584349,Mobility
12584349,Blockchain
12584349,Security
111542542,Security
111542542,Big Data and Analytics
111542542,Mobility
111542542,Social
13108330,Social
13108330,Security
13108330,Cloud
13108330,AI
13108330,Big Data and Analytics
111543542,Big Data and Analytics
111543542,AI
111543542,Social
111543542,IoT
111543542,Mobility
118629184,Security
118629184,Big Data and Analytics
118629184,Social
118629184,AI
118629184,Cloud
118629184,Mobility
118629184,IoT
115081322,Robotics
115081322,Cloud
115081322,Security
115081322,Social
12845876,Cloud
12845876,Big Data and Analytics
12845876,Security
12845876,Social
12845876,AI
12845876,Mobility
12845876,IoT
12714676,Cloud
12714676,Security
12714676,Big Data and Analytics
12714676,Mobility
12714676,AI
12714676,Robotics
12714676,Social
12714676,IoT
118620658,AR/VR
118620658,Social
118620658,Mobility
118620552,Mobility
118620552,IoT
118620552,Security
118620552,Cloud
118620552,Robotics
118620552,Big Data and Analytics
118620552,Social
118620552,AI
13108198,AI
13108198,Big Data and Analytics
13108198,Social
13108198,Mobility
13108198,Cloud
13369777,AR/VR
13369777,Mobility
13369777,Social
13369777,Cloud
13369777,Big Data and Analytics
13369777,AI
13369777,IoT
115081325,Mobility
115081325,Big Data and Analytics
115081325,Social
118621596,Security
118621596,Mobility
118621596,Big Data and Analytics
118621596,Social
118621614,Mobility
118621614,Big Data and Analytics
118621614,IoT
118621614,Social
13108468,Cloud
13108468,Big Data and Analytics
118621086,IoT
118621086,Social
118621086,Big Data and Analytics
115081327,AI
115081327,Social
115081327,Mobility
115081327,Cloud
115081327,Big Data and Analytics
115081327,Security
118620701,AI
118620701,Security
118620701,Robotics
118620701,Mobility
118620701,Big Data and Analytics
118620701,Cloud
92275673,Cloud
92275673,Big Data and Analytics
118620380,Cloud
118620380,Security
118620380,Big Data and Analytics
118620380,Social
118620380,Mobility
118620415,IoT
118620415,Robotics
118620415,Big Data and Analytics
118620415,Mobility
118620415,Social
118620415,Cloud
118620415,AI
12846501,Big Data and Analytics
12846501,Social
12846501,Cloud
12846501,Robotics
13044629,AI
13044629,Cloud
13044629,Mobility
13044629,Big Data and Analytics
13044629,Security
13044629,Social
13044629,IoT
115343355,Social
115343355,Cloud
115343355,Security
115343355,Big Data and Analytics
115343355,Mobility
115081300,Cloud
115081300,AI
115081300,Security
118620358,IoT
118620358,Big Data and Analytics
118620358,Social
12469458,Cloud
12469458,3D Printing
12469458,IoT
12469458,AI
12469458,Mobility
12469458,Big Data and Analytics
12469458,AR/VR
13084321,IoT
13084321,Big Data and Analytics
13084321,AI
13084321,Security
13084321,Mobility
13084321,Social
13084321,Cloud
12582790,Social
12582790,Big Data and Analytics
12582790,Cloud
12582790,AI
12582790,Mobility
12582790,IoT
111764531,Big Data and Analytics
111764531,Blockchain
111764531,AI
118620596,Mobility
118620596,Cloud
118620596,AI
118620596,Security
118620596,Big Data and Analytics
118620596,Social
118620596,IoT
12584015,Social
118620429,Big Data and Analytics
118620429,IoT
118620429,Mobility
118620429,Cloud
118620429,Social
118620262,Mobility
118620262,Big Data and Analytics
118620262,IoT
118620537,Big Data and Analytics
118620537,Social
118620537,AI
118620537,Robotics
118620537,Mobility
118620258,Mobility
118620258,Big Data and Analytics
118620258,Security
118620258,Cloud
12714913,IoT
12714913,Cloud
12714913,AI
12714913,Mobility
13108706,AI
13108706,Security
13108706,Social
12845794,Cloud
12845794,Mobility
12845794,AI
12845794,IoT
12845794,Big Data and Analytics
12845794,Social
118621036,Social
118621036,AI
92013290,Big Data and Analytics
92013290,Security
92013290,Mobility
12833779,Cloud
12833779,Big Data and Analytics
12833779,Security
12833779,Mobility
12833779,IoT
12845776,Social
12845776,Cloud
12845776,Mobility
115081486,Mobility
115081486,Big Data and Analytics
115081486,Social
112094464,-
13094978,Mobility
13094978,Social
13094978,Cloud
13094978,Security
12453117,Social
12453117,Security
12453117,Cloud
12453117,Mobility
12453117,Big Data and Analytics
12453117,Blockchain
12453117,IoT
111542917,Social
111542917,Big Data and Analytics
111936519,Cloud
111936519,Security
111936519,IoT
111936519,Mobility
111936519,Social
111936519,AI
111936519,AR/VR
111936519,Big Data and Analytics
12846082,Cloud
12846082,IoT
12846082,Mobility
12846082,Big Data and Analytics
12846082,Social
12846082,AI
118621289,Robotics
118621289,IoT
115081362,Cloud
115081362,Big Data and Analytics
115081362,Mobility
115081362,IoT
115081362,Security
115081362,Social
12405281,Mobility
12405281,AI
12405281,Cloud
12405281,3D Printing
12405281,Social
12405281,Blockchain
12405281,Big Data and Analytics
12794959,Security
12794959,Robotics
12794959,Social
12794959,Mobility
12794959,AI
12794959,IoT
12794959,Big Data and Analytics
12794959,AR/VR
12794959,Cloud
115343244,AI
115343244,Security
12846374,AI
12846374,Social
12846374,Security
12846374,Big Data and Analytics
12846374,Cloud
115081455,Cloud
115081455,Mobility
115081455,IoT
115081455,Big Data and Analytics
115081455,AI
115081455,Security
12583432,Mobility
12583432,IoT
12583432,Security
12583432,Social
12583432,Big Data and Analytics
12583432,Cloud
12714735,AI
12714735,Social
12714735,Mobility
12715499,AI
12715499,Mobility
12715499,Big Data and Analytics
12714959,AI
12714959,Security
12714959,Mobility
12714959,Social
118620957,Social
118620957,IoT
118620957,Mobility
118620957,Big Data and Analytics
118620957,Cloud
118620248,AI
118620248,Social
118620248,Mobility
118620248,Big Data and Analytics
12452339,Big Data and Analytics
12452339,IoT
12452339,Social
12452339,Security
12452339,AI
12452339,Mobility
12551077,AI
12551077,Mobility
12551077,Cloud
12551077,Big Data and Analytics
118619980,IoT
118619980,AR/VR
118619980,Security
118619980,Social
118619980,AI
118619980,Big Data and Analytics
118620173,Social
115081406,Security
115081406,Mobility
12453126,IoT
12453126,Social
12453126,Big Data and Analytics
12453126,Cloud
12453126,Mobility
12453126,Security
111542702,Social
111542702,Security
111542702,AI
12583216,Big Data and Analytics
12583216,Social
12583216,Security
12583216,AI
12583216,Mobility
12583216,Cloud
12583216,IoT
115081409,Big Data and Analytics
115081409,Security
118620364,Social
118620364,Cloud
115344058,Big Data and Analytics
115344058,Cloud
115344058,Social
13370162,Robotics
13370162,Big Data and Analytics
13370162,Social
92143867,Security
92143867,AI
92143867,Mobility
92143867,Big Data and Analytics
92143867,Cloud
118316496,Security
118316496,AI
118316496,IoT
108765450,Security
108765450,Mobility
108765450,IoT
108765450,AI
108765450,Social
12453210,Mobility
12453210,Cloud
12453210,Big Data and Analytics
12453210,AI
12453210,Social
12453210,Security
12453210,IoT
115081523,Cloud
115081523,Security
115081523,IoT
12792443,Mobility
12792443,Social
12792443,Cloud
12792443,IoT
12792443,Security
12792443,AI
12792443,Big Data and Analytics
12792443,AR/VR
12715436,Mobility
12715436,Security
12715436,Big Data and Analytics
12715436,Cloud
12715436,Social
92012711,Mobility
92012711,AI
92012711,Cloud
92012711,Security
92012711,Robotics
92012711,IoT
92012711,Social
118024471,Big Data and Analytics
111543553,Mobility
111543553,Security
107347975,Security
107347975,Mobility
107348503,Social
107348503,Mobility
107348405,Security
107348405,Mobility
107348405,Cloud
107348405,Social
107348405,IoT
115081700,Security
115081700,Big Data and Analytics
115081700,Social
107348288,Security
107348433,Mobility
107348207,Security
107348207,Mobility
107348207,Cloud
107348329,Robotics
107348329,Security
12583066,Cloud
12583066,Security
12583066,IoT
12535148,Blockchain
12535148,Robotics
12535148,Social
12535148,Mobility
12535148,Security
12535148,IoT
12535148,AI
12535148,Big Data and Analytics
12535148,Cloud
107350367,Big Data and Analytics
107350367,Security
107350367,Social
107350367,IoT
107350367,Mobility
107349422,Mobility
107349422,AI
107349422,Security
107349422,Cloud
107349422,Big Data and Analytics
107349422,Social
107349275,Cloud
107349275,Security
107349275,AI
107349275,IoT
107349275,Big Data and Analytics
12846578,Social
12846578,Blockchain
12846578,AI
12846578,IoT
12846578,Cloud
12846578,Big Data and Analytics
12846578,Mobility
118652265,Social
118652265,IoT
118652265,Robotics
118620904,Social
118620904,IoT
118620904,Big Data and Analytics
12714065,Security
12714065,Cloud
12714065,IoT
12714065,Big Data and Analytics
12714065,Social
12714065,AI
12714065,Mobility
13369487,Mobility
13369487,Security
13369487,Cloud
13369487,Big Data and Analytics
118021734,Cloud
118021734,AR/VR
118021734,Security
118021734,IoT
118021734,AI
118021734,Big Data and Analytics
12844942,Cloud
12844942,Security
12844942,Social
111935588,AR/VR
111935588,Cloud
111935588,Robotics
111935588,Social
111935588,Security
111935588,Mobility
111935588,IoT
111935588,Big Data and Analytics
111935588,AI
13084467,Social
13084467,Big Data and Analytics
13084467,Security
13084467,AI
13084467,Cloud
118620811,Big Data and Analytics
118620811,Mobility
118620811,Blockchain
118620811,Cloud
118620811,Social
118620811,AI
15205419,Social
15205419,Security
15205419,Mobility
15205419,Cloud
12452882,Robotics
12452882,Big Data and Analytics
12452882,Blockchain
12452882,AI
12452882,Security
12452882,IoT
12452882,Mobility
12452882,Social
12452882,Cloud
12453085,Cloud
12453085,Security
12453085,Mobility
12453085,Big Data and Analytics
12414034,Mobility
12414034,IoT
12414034,Big Data and Analytics
12414034,Security
12414034,Social
12414034,AI
13108615,Social
115250500,Big Data and Analytics
115250500,Security
115250500,Social
115250500,Mobility
111608881,Robotics
111608881,AI
92145039,Social
92145039,Big Data and Analytics
15205392,Cloud
15205392,Mobility
15205392,Social
15205392,Security
15205480,Security
15205480,Social
15205480,Mobility
15205480,Big Data and Analytics
15205480,Cloud
118620009,IoT
118620009,Security
118620009,Cloud
118620009,Big Data and Analytics
118620009,Social
118620009,AI
118620009,Mobility
118620758,AR/VR
118620758,Security
118620758,IoT
118620758,Cloud
118620758,Mobility
118620758,Big Data and Analytics
118620758,AI
118620791,AI
118620791,Big Data and Analytics
118620791,Cloud
118620791,IoT
118620791,AR/VR
118620791,Mobility
118620791,Security
12804399,Mobility
12804399,Social
12804399,Cloud
12804399,Big Data and Analytics
12804399,IoT
12804399,AI
118620168,Mobility
118620168,AI
118620168,Big Data and Analytics
118620168,IoT
118620168,Social
12583752,Cloud
12583752,Social
12583752,Mobility
12583752,Robotics
12583752,3D Printing
115081587,Mobility
115081587,Security
115081587,AI
12453133,Cloud
12453133,Security
12453133,AI
12453133,Blockchain
12453133,Big Data and Analytics
111674440,-
118621501,Cloud
118621501,Security
118621501,Social
118621501,Big Data and Analytics
15205463,Social
15205463,Security
15205463,Mobility
15205463,Cloud
15205463,Big Data and Analytics
12452150,Mobility
12452150,Big Data and Analytics
12452150,Social
12452150,IoT
12452150,Cloud
12845558,Big Data and Analytics
12845558,AI
12845558,Security
12845558,Social
12845558,Mobility
12845558,Cloud
12845558,IoT
12452982,Social
12452982,IoT
12452982,AI
12452982,Security
12452982,Robotics
12452982,Big Data and Analytics
12452982,Mobility
12452982,Cloud
12846496,Security
12846496,Social
12846496,IoT
118620014,Blockchain
118620014,Social
118621493,Big Data and Analytics
118621493,Blockchain
118621493,Security
118621493,Mobility
118621493,IoT
118621493,AI
118621493,Cloud
118053885,Social
118053885,IoT
118053885,Big Data and Analytics
118053885,AI
12452638,Security
12452638,Mobility
12452638,Cloud
12452638,Big Data and Analytics
12452638,IoT
15205462,Mobility
15205462,Social
15205462,Cloud
15205462,Security
15205462,AI
115081638,Cloud
115081638,Security
115081638,Big Data and Analytics
115081638,Mobility
12715143,Mobility
12715143,IoT
111635684,AI
111635684,Cloud
111635684,Big Data and Analytics
111635684,AR/VR
111635684,3D Printing
111635684,Robotics
12811513,Mobility
12811513,Big Data and Analytics
12811513,AI
12811513,Cloud
15205444,Cloud
15205444,Social
118621050,Security
118621050,Mobility
118621468,Social
118621468,Big Data and Analytics
118621468,Cloud
118621468,Mobility
118621468,Security
92012791,Social
92012791,AI
92012791,Big Data and Analytics
92012791,Cloud
12715477,Social
12715477,IoT
12715477,Mobility
12715477,Security
12715477,Cloud
12715477,Big Data and Analytics
12676628,Social
12676628,AI
12676628,Mobility
12676628,Big Data and Analytics
12676628,3D Printing
12676628,Cloud
118620384,Security
118620384,AI
118620384,Cloud
118620384,IoT
118620384,Mobility
118620384,Big Data and Analytics
118620384,Social
118315628,Big Data and Analytics
118315628,Security
118315628,Social
118315628,IoT
118621397,Big Data and Analytics
118621397,Cloud
118621397,IoT
118621397,Social
115344608,Mobility
115344608,Big Data and Analytics
115344608,Security
115344608,Social
115344608,Cloud
115344608,IoT
115344512,Mobility
115344512,Security
115344512,Cloud
115344512,Social
115344512,IoT
115344512,AR/VR
115344512,Robotics
115344512,Big Data and Analytics
115344512,AI
12845758,Mobility
12845758,Big Data and Analytics
12845758,Security
12845758,Cloud
12845758,Social
26000299,Social
26000299,Mobility
26000299,IoT
26000299,Cloud
26000299,Security
12433565,Big Data and Analytics
12433565,AI
12433565,Social
12715135,Security
12715135,Mobility
12715135,Big Data and Analytics
12715135,Social
12715135,AI
12715135,Cloud
15205560,AI
15205560,Cloud
15205560,Blockchain
15205560,Social
15205560,IoT
15205560,Big Data and Analytics
12452959,AI
12452959,Security
12452959,Blockchain
12452959,Big Data and Analytics
12452959,Social
12452959,IoT
12452959,Cloud
12452959,Mobility
115344806,Social
115344806,Big Data and Analytics
115344806,Cloud
111805680,Mobility
111805680,Cloud
111805680,Big Data and Analytics
111805680,AI
111805680,Security
111805680,Social
111805680,IoT
118619992,Security
118621463,Big Data and Analytics
118621463,Social
118621463,Security
118621463,Mobility
118621463,IoT
118621463,Robotics
118621463,AI
118621463,Blockchain
118621463,Cloud
118620076,Cloud
118620076,IoT
118620076,Big Data and Analytics
118620076,Social
118620076,Security
13295534,Robotics
13295534,AI
13295534,IoT
13295534,Social
13295534,Cloud
12583235,Social
12583235,Big Data and Analytics
12583235,Security
12452272,Mobility
12452272,IoT
12452272,Social
12452879,Security
12452879,Mobility
12452879,Cloud
12452879,Big Data and Analytics
12452879,IoT
12583942,Mobility
12583942,Cloud
12583942,AI
12583942,Social
12583942,IoT
12583942,Big Data and Analytics
12583942,Blockchain
12583942,Security
118621485,Security
118621485,Social
118621485,Mobility
118621485,Cloud
118621485,AI
115082001,Security
115082001,Mobility
12845579,Social
12845579,Mobility
118621427,Security
118621427,AI
118621427,Social
118621427,Cloud
118620859,Social
118620859,Big Data and Analytics
118620859,Mobility
12844894,Cloud
12844894,AI
12844894,IoT
12844894,Big Data and Analytics
118621595,IoT
118621595,Mobility
118621595,Security
118621595,Social
12451761,Social
12451761,AI
12451761,AR/VR
12451761,Cloud
12451761,Mobility
12451761,IoT
92157006,Cloud
92157006,IoT
92157006,Big Data and Analytics
92157006,Social
115081507,Cloud
115081507,Social
115081507,Mobility
115081507,Security
13369911,Social
12452967,Mobility
12452967,Big Data and Analytics
12452967,Social
12452555,Social
12452555,Security
118621459,Security
118621459,Social
118621459,Mobility
118621525,Big Data and Analytics
118621525,Mobility
118621525,Social
12715479,Cloud
12715479,Social
12715479,IoT
12715479,AR/VR
12715479,Security
12715479,Mobility
118620012,Social
118620012,Robotics
118620012,AI
118620012,Mobility
118620012,Big Data and Analytics
118620012,IoT
118620012,Security
15205529,Security
15205529,Mobility
15205529,Cloud
15205529,Social
12715157,AI
12715157,Mobility
12715157,Security
13370098,Cloud
13370098,Big Data and Analytics
13370098,AI
13370098,IoT
13370098,Mobility
13370098,Social
111935589,Security
111935589,Cloud
111935589,AI
12846025,Security
12846025,Mobility
12846025,AI
12846025,Social
12846025,Cloud
12846025,IoT
12846025,Big Data and Analytics
118056721,Big Data and Analytics
118056721,Social
15205605,Big Data and Analytics
15205605,IoT
15205605,AI
15205605,Mobility
15205610,Cloud
15205610,Security
15205610,Mobility
15205610,Social
15205631,Big Data and Analytics
15205631,Social
15205631,Mobility
15205515,Cloud
15205515,Social
15205515,Mobility
15205515,AR/VR
15205515,Security
15205668,Mobility
15205668,Security
15205668,Cloud
15205668,Big Data and Analytics
15205668,AI
12588900,Cloud
12588900,Security
12588900,Mobility
12588900,AI
12588900,AR/VR
12588900,Social
12588900,Big Data and Analytics
12588900,Blockchain
12588900,IoT
13369995,Cloud
13369995,IoT
13369995,Big Data and Analytics
13369995,Social
13369995,Mobility
13369995,AI
13369995,Security
118620068,IoT
118620068,Cloud
118620068,Mobility
118620068,Social
118620068,AI
118620068,Big Data and Analytics
118620068,Security
111674486,Social
111674486,Mobility
12715128,Security
12715128,Cloud
12715128,Big Data and Analytics
12715128,Mobility
12715128,IoT
92144495,Mobility
92144495,Social
111804587,Big Data and Analytics
111804587,Security
111804587,Social
111804587,Cloud
111804587,Mobility
111969258,AR/VR
111969258,Social
111969258,Big Data and Analytics
111969258,AI
12452269,Security
12452269,Mobility
12452269,Cloud
12452269,Big Data and Analytics
118620007,Social
118620007,AI
118620007,Big Data and Analytics
118620007,IoT
118620007,Cloud
118620007,Mobility
118620007,Security
111805854,IoT
111805854,AI
111805854,Security
111805854,Cloud
111805854,Social
111805854,Mobility
111805854,Big Data and Analytics
118050468,IoT
118050468,Social
118050468,Big Data and Analytics
12425801,Mobility
12425801,Blockchain
12425801,Social
12425801,Cloud
12425801,AI
12425801,Security
12425801,Big Data and Analytics
12582801,IoT
12582801,Mobility
12582801,Social
12582801,Cloud
12582801,Big Data and Analytics
12582801,Security
12582801,AI
118621520,Cloud
118621520,Security
118621520,Social
118621520,AI
118621520,Mobility
118621520,Robotics
118621520,Big Data and Analytics
118621441,Mobility
118621441,IoT
118621441,Security
118621441,Cloud
118621441,Social
118621441,Big Data and Analytics
107217603,AI
107217603,Security
107217603,Cloud
107217603,Big Data and Analytics
107217603,Social
107217603,AR/VR
111614885,IoT
111614885,AI
111614885,Cloud
111614885,Big Data and Analytics
12583552,IoT
12583552,Security
12583552,Cloud
12583552,Mobility
12583552,Big Data and Analytics
12583552,Social
13108539,AI
13108539,Blockchain
13108539,Cloud
13108539,IoT
13108539,Mobility
13108539,Robotics
13108539,Social
13108539,Security
12582833,Social
12582833,Mobility
12582833,Cloud
114978129,Big Data and Analytics
114978129,IoT
114978129,AI
114978129,Security
114978129,Social
114978129,Cloud
13107337,Mobility
115081693,IoT
115081693,Big Data and Analytics
115081693,Mobility
115081693,Social
12584317,Security
12584317,Mobility
15205642,Cloud
15205642,Big Data and Analytics
15205642,Social
15205642,AI
12605502,IoT
12605502,Security
12605502,Big Data and Analytics
12605502,Cloud
12605502,AI
12605502,Social
114950341,Cloud
114950341,Social
114950341,Big Data and Analytics
114950341,AI
114950341,Security
93454231,Big Data and Analytics
118620059,Big Data and Analytics
118620059,Social
118620059,AI
118620059,Cloud
118620723,Mobility
118620723,Security
92012931,Mobility
92012931,Security
92012931,Social
92012931,Big Data and Analytics
12638270,Mobility
12638270,Cloud
12638270,IoT
12638270,Social
12638270,Blockchain
12638270,Security
12638270,Big Data and Analytics
12638270,AI
12845846,Security
12845846,Social
12845846,Mobility
12714808,Social
12714808,Mobility
12714808,IoT
12714808,Big Data and Analytics
15205644,Mobility
15205644,Big Data and Analytics
15205644,Social
15205644,Cloud
15205644,AI
15205644,Security
15205657,Security
15205657,AR/VR
15205657,Blockchain
15205657,Social
15205657,Cloud
15205657,AI
15205657,IoT
15205657,Mobility
15205657,Big Data and Analytics
111936892,Mobility
111936892,Social
111936892,Security
118632475,Big Data and Analytics
118632475,Security
118632475,Cloud
118632475,IoT
118632475,Mobility
118632475,AI
118632475,Social
115081133,AI
115081133,Security
115081133,Social
115081133,IoT
115081133,Cloud
12584419,IoT
12584419,Mobility
92013899,Social
12583922,Cloud
12583922,Big Data and Analytics
12583922,Mobility
12583922,AI
12583922,Social
111935593,Security
118315302,Social
118315302,Robotics
12715453,Cloud
12715453,Mobility
12715453,Social
12715453,Big Data and Analytics
12715453,IoT
12584123,Mobility
12584123,Cloud
12584123,Social
12584123,Security
114950323,Social
114950323,Mobility
13108393,Cloud
13108393,Blockchain
13108393,Security
13108393,AI
13108393,Big Data and Analytics
12845840,Mobility
12845840,Social
12845840,Cloud
12845840,Security
12845238,Cloud
12845238,3D Printing
12845238,Mobility
12845238,Big Data and Analytics
111936174,Mobility
111936174,Security
12451659,Big Data and Analytics
12451659,Social
12451659,Cloud
12451659,Mobility
12451659,Security
115081056,Social
115081056,Security
115081056,Cloud
12714910,Cloud
12714910,Security
12714910,Mobility
12714910,Blockchain
12714910,3D Printing
12714910,Social
12714910,IoT
12714910,AI
12714910,Big Data and Analytics
12583479,Cloud
12583479,Social
12583479,Big Data and Analytics
12583479,Mobility
111674164,Security
111674164,Cloud
111674164,Social
111674164,Big Data and Analytics
12452577,Mobility
12452577,Cloud
12452577,Security
12452577,IoT
12452577,Social
12452577,Big Data and Analytics
12452577,AI
13108011,Social
13108011,Big Data and Analytics
13108011,Security
92144009,Big Data and Analytics
92144009,Security
92144009,Robotics
92144009,Social
114950482,Mobility
114950482,3D Printing
114950482,AR/VR
114950482,Cloud
114950482,Social
114950482,Big Data and Analytics
26061677,Cloud
26061677,Mobility
26061677,Security
26061677,IoT
26061677,Social
26061677,Robotics
118620692,IoT
118620692,Social
118620692,Big Data and Analytics
118620692,Mobility
118620692,Security
118620692,AI
118620692,Cloud
12582839,Security
12582839,Cloud
12582839,Big Data and Analytics
12582839,IoT
12582839,Mobility
12452797,Social
12452797,Mobility
12452797,Cloud
12452797,IoT
107218349,Security
107218349,Big Data and Analytics
107218349,Cloud
111674170,AI
111674170,Big Data and Analytics
111935495,Social
111935495,Cloud
111935495,AI
111935495,Security
111935495,Mobility
111935495,Big Data and Analytics
13107417,Security
13107417,Blockchain
13107417,AI
13107417,Mobility
13107417,AR/VR
13107417,IoT
13107417,Robotics
13107417,Social
13107417,Big Data and Analytics
13107417,Cloud
13369940,Cloud
13369940,Security
13369940,Mobility
12832616,Security
12832616,Social
12832616,Cloud
12832616,Big Data and Analytics
118621522,Social
118621522,Big Data and Analytics
118621522,AI
12714324,IoT
12714324,Security
12714324,Big Data and Analytics
12714324,Social
12714324,Cloud
12714324,Mobility
13108134,Social
13108134,IoT
13108134,Cloud
13108134,AI
13108134,Big Data and Analytics
13108134,Security
12452916,IoT
12452916,Mobility
12452916,Social
118621670,Cloud
118621670,Big Data and Analytics
118621670,Social
12453295,Mobility
12453295,IoT
12453295,Big Data and Analytics
12453295,Cloud
12453295,Security
12453295,Social
118620949,Mobility
118620949,Robotics
118620949,Big Data and Analytics
115081110,IoT
115081110,Security
115081110,Mobility
115081208,Security
115081208,Mobility
115081208,IoT
115081208,AI
115081208,Cloud
115081208,Robotics
115081208,Social
115081208,Big Data and Analytics
115212216,Cloud
115212216,Mobility
115212216,IoT
115212216,Big Data and Analytics
115212216,Social
12584161,Social
12584161,Mobility
12584161,IoT
12584161,Cloud
12584161,AI
12453009,Cloud
12453009,Blockchain
12453009,IoT
12453009,Big Data and Analytics
12453009,AI
12453009,Social
12453009,Security
12453009,Mobility
111673997,Social
111673997,Mobility
111673997,Big Data and Analytics
111673997,Cloud
111673997,AI
115212391,IoT
115212391,AI
115212391,Mobility
115212391,Cloud
115212391,Big Data and Analytics
111804352,Cloud
111804352,Mobility
111804352,Social
111804352,Security
111804352,IoT
111804352,AI
111804352,Big Data and Analytics
115212404,Mobility
115212404,AI
115212404,Cloud
115212404,Security
115212404,Social
12714121,Security
12714121,Mobility
12714121,Social
12714121,Big Data and Analytics
12714121,AI
12714121,Cloud
115212455,Mobility
115212455,Cloud
115212455,Social
115212455,AI
115212731,Cloud
115212731,Social
115212731,Big Data and Analytics
115212731,AI
115081331,Cloud
115081331,Social
115081331,Mobility
115081331,Security
13107017,Robotics
13107017,Security
13107017,Social
13107017,IoT
13107017,Big Data and Analytics
13107017,Cloud
13107017,Mobility
13107017,AI
12453038,Mobility
12453038,Security
12453038,Big Data and Analytics
12453038,AI
12846397,Cloud
12846397,Social
12846397,Mobility
12452727,AI
12452727,Cloud
12452727,Security
12452727,Mobility
15204294,IoT
15204294,Cloud
15204294,AI
15204294,AR/VR
15204294,Social
15204294,Mobility
15204294,Blockchain
15204294,Big Data and Analytics
115081131,Big Data and Analytics
115081131,AI
115081131,Mobility
115081131,IoT
115081131,Cloud
115081131,Security
115212676,AI
115212676,Social
115212676,Security
115212676,Big Data and Analytics
115212676,Cloud
115212676,IoT
115212676,Mobility
13370578,Blockchain
13370578,Cloud
13370578,Security
13370578,AI
13370578,IoT
13370578,AR/VR
13370578,Mobility
13370578,Robotics
13370578,Big Data and Analytics
13370578,Social
13370578,3D Printing
12583560,Social
12583560,IoT
12583560,3D Printing
12583560,AI
12583560,Mobility
12583560,Robotics
12583560,Security
12583560,Big Data and Analytics
12583560,Cloud
12583560,Blockchain
12715160,Mobility
12715160,Security
12715160,Big Data and Analytics
12715160,Cloud
12452808,Big Data and Analytics
12452808,Cloud
12452808,Security
12452808,IoT
12452808,Mobility
115212793,Social
115212793,Big Data and Analytics
115212793,Mobility
115212793,AI
115212793,Cloud
115212793,IoT
115212793,Robotics
115212793,AR/VR
118621343,Security
118621343,IoT
13108161,Big Data and Analytics
13108161,IoT
13108161,Cloud
13108161,Mobility
13108161,Security
13108161,AI
115212816,IoT
115212816,Mobility
15204296,Big Data and Analytics
15204296,Cloud
15204296,Social
15204296,Security
15204296,AI
15204296,Mobility
115212958,Social
115213019,Social
115213019,Big Data and Analytics
115213019,Cloud
115213019,Mobility
115213019,AI
115213019,Security
118620744,Big Data and Analytics
118620744,Cloud
118620744,Mobility
118620744,IoT
118620744,Social
115213451,Mobility
115213451,Social
115213451,IoT
115213451,Big Data and Analytics
115213451,Cloud
115213451,AI
